smoke_20260521_001.jsonl:0:0	pro
smoke_20260521_001.jsonl:0:1	pro
smoke_20260521_001.jsonl:0:2	pro
smoke_20260521_001.jsonl:0:3	pro
smoke_20260521_001.jsonl:0:4	pro
smoke_20260521_001.jsonl:0:5	pro
smoke_20260521_001.jsonl:0:6	pro
smoke_20260521_001.jsonl:0:7	pro
smoke_20260521_001.jsonl:1:0	pro
smoke_20260521_001.jsonl:1:1	pro
smoke_20260521_001.jsonl:1:2	pro
smoke_20260521_001.jsonl:1:3	pro
smoke_20260521_001.jsonl:1:4	pro
smoke_20260521_001.jsonl:1:5	neutral
smoke_20260521_001.jsonl:1:6	pro
smoke_20260521_001.jsonl:1:7	pro
smoke_20260521_001.jsonl:2:0	pro
smoke_20260521_001.jsonl:2:1	pro
smoke_20260521_001.jsonl:2:2	neutral
smoke_20260521_001.jsonl:2:3	pro
smoke_20260521_001.jsonl:2:4	pro
smoke_20260521_001.jsonl:2:5	pro
smoke_20260521_001.jsonl:2:6	pro
smoke_20260521_001.jsonl:2:7	neutral
smoke_20260521_001.jsonl:3:0	pro
smoke_20260521_001.jsonl:3:1	con
smoke_20260521_001.jsonl:3:2	pro
smoke_20260521_001.jsonl:3:3	pro
smoke_20260521_001.jsonl:3:4	neutral
smoke_20260521_001.jsonl:3:5	pro
smoke_20260521_001.jsonl:3:6	pro
smoke_20260521_001.jsonl:3:7	pro
smoke_20260521_001.jsonl:4:0	pro
smoke_20260521_001.jsonl:4:1	pro
smoke_20260521_001.jsonl:4:2	pro
smoke_20260521_001.jsonl:4:3	pro
smoke_20260521_001.jsonl:4:4	pro
smoke_20260521_001.jsonl:4:5	pro
smoke_20260521_001.jsonl:4:6	pro
smoke_20260521_001.jsonl:4:7	pro
smoke_20260521_001.jsonl:5:0	con
smoke_20260521_001.jsonl:5:1	con
smoke_20260521_001.jsonl:5:2	con
smoke_20260521_001.jsonl:5:3	con
smoke_20260521_001.jsonl:5:4	neutral
smoke_20260521_001.jsonl:5:5	con
smoke_20260521_001.jsonl:5:6	con
smoke_20260521_001.jsonl:5:7	con
smoke_20260521_001.jsonl:6:0	neutral
smoke_20260521_001.jsonl:6:1	con
smoke_20260521_001.jsonl:6:2	con
smoke_20260521_001.jsonl:6:3	neutral
smoke_20260521_001.jsonl:6:4	neutral
smoke_20260521_001.jsonl:6:5	con
smoke_20260521_001.jsonl:6:6	con
smoke_20260521_001.jsonl:6:7	con
smoke_20260521_001.jsonl:7:0	neutral
smoke_20260521_001.jsonl:7:1	con
smoke_20260521_001.jsonl:7:2	con
smoke_20260521_001.jsonl:7:3	con
smoke_20260521_001.jsonl:7:4	con
smoke_20260521_001.jsonl:7:5	con
smoke_20260521_001.jsonl:7:6	con
smoke_20260521_001.jsonl:7:7	con
smoke_20260521_001.jsonl:8:0	con
smoke_20260521_001.jsonl:8:1	con
smoke_20260521_001.jsonl:8:2	con
smoke_20260521_001.jsonl:8:3	neutral
smoke_20260521_001.jsonl:8:4	con
smoke_20260521_001.jsonl:8:5	neutral
smoke_20260521_001.jsonl:8:6	con
smoke_20260521_001.jsonl:8:7	neutral
smoke_20260521_001.jsonl:9:0	neutral
smoke_20260521_001.jsonl:9:1	con
smoke_20260521_001.jsonl:9:2	con
smoke_20260521_001.jsonl:9:3	con
smoke_20260521_001.jsonl:9:4	con
smoke_20260521_001.jsonl:9:5	con
smoke_20260521_001.jsonl:9:6	neutral
smoke_20260521_001.jsonl:9:7	con
smoke_20260521_001.jsonl:10:0	con
smoke_20260521_001.jsonl:10:1	pro
smoke_20260521_001.jsonl:10:2	pro
smoke_20260521_001.jsonl:10:3	con
smoke_20260521_001.jsonl:10:4	pro
smoke_20260521_001.jsonl:10:5	pro
smoke_20260521_001.jsonl:10:6	pro
smoke_20260521_001.jsonl:10:7	con
smoke_20260521_001.jsonl:11:0	pro
smoke_20260521_001.jsonl:11:1	con
smoke_20260521_001.jsonl:11:2	pro
smoke_20260521_001.jsonl:11:3	pro
smoke_20260521_001.jsonl:11:4	con
smoke_20260521_001.jsonl:11:5	pro
smoke_20260521_001.jsonl:11:6	neutral
smoke_20260521_001.jsonl:11:7	pro
smoke_20260521_001.jsonl:12:0	neutral
smoke_20260521_001.jsonl:12:1	con
smoke_20260521_001.jsonl:12:2	pro
smoke_20260521_001.jsonl:12:3	con
smoke_20260521_001.jsonl:12:4	pro
smoke_20260521_001.jsonl:12:5	pro
smoke_20260521_001.jsonl:12:6	neutral
smoke_20260521_001.jsonl:12:7	pro
smoke_20260521_001.jsonl:13:0	pro
smoke_20260521_001.jsonl:13:1	con
smoke_20260521_001.jsonl:13:2	pro
smoke_20260521_001.jsonl:13:3	neutral
smoke_20260521_001.jsonl:13:4	pro
smoke_20260521_001.jsonl:13:5	con
smoke_20260521_001.jsonl:13:6	pro
smoke_20260521_001.jsonl:13:7	pro
smoke_20260521_001.jsonl:14:0	pro
smoke_20260521_001.jsonl:14:1	con
smoke_20260521_001.jsonl:14:2	pro
smoke_20260521_001.jsonl:14:3	con
smoke_20260521_001.jsonl:14:4	pro
smoke_20260521_001.jsonl:14:5	pro
smoke_20260521_001.jsonl:14:6	con
smoke_20260521_001.jsonl:14:7	pro
smoke_20260521_001.jsonl:15:0	pro
smoke_20260521_001.jsonl:15:1	pro
smoke_20260521_001.jsonl:15:2	pro
smoke_20260521_001.jsonl:15:3	pro
smoke_20260521_001.jsonl:15:4	neutral
smoke_20260521_001.jsonl:15:5	pro
smoke_20260521_001.jsonl:15:6	pro
smoke_20260521_001.jsonl:15:7	pro
smoke_20260521_001.jsonl:16:0	pro
smoke_20260521_001.jsonl:16:1	pro
smoke_20260521_001.jsonl:16:2	pro
smoke_20260521_001.jsonl:16:3	pro
smoke_20260521_001.jsonl:16:4	pro
smoke_20260521_001.jsonl:16:5	pro
smoke_20260521_001.jsonl:16:6	pro
smoke_20260521_001.jsonl:16:7	pro
smoke_20260521_001.jsonl:17:0	pro
smoke_20260521_001.jsonl:17:1	pro
smoke_20260521_001.jsonl:17:2	pro
smoke_20260521_001.jsonl:17:3	pro
smoke_20260521_001.jsonl:17:4	pro
smoke_20260521_001.jsonl:17:5	pro
smoke_20260521_001.jsonl:17:6	pro
smoke_20260521_001.jsonl:17:7	pro
smoke_20260521_001.jsonl:19:0	con
smoke_20260521_001.jsonl:19:1	con
smoke_20260521_001.jsonl:19:2	con
smoke_20260521_001.jsonl:19:3	con
smoke_20260521_001.jsonl:19:4	con
smoke_20260521_001.jsonl:19:5	con
smoke_20260521_001.jsonl:19:6	con
smoke_20260521_001.jsonl:19:7	con
smoke_20260521_001.jsonl:20:0	con
smoke_20260521_001.jsonl:20:1	con
smoke_20260521_001.jsonl:20:2	con
smoke_20260521_001.jsonl:20:3	con
smoke_20260521_001.jsonl:20:4	con
smoke_20260521_001.jsonl:20:5	con
smoke_20260521_001.jsonl:20:6	con
smoke_20260521_001.jsonl:20:7	con
smoke_20260521_001.jsonl:21:0	pro
smoke_20260521_001.jsonl:21:1	pro
smoke_20260521_001.jsonl:21:2	pro
smoke_20260521_001.jsonl:21:3	con
smoke_20260521_001.jsonl:21:4	neutral
smoke_20260521_001.jsonl:21:5	pro
smoke_20260521_001.jsonl:21:6	neutral
smoke_20260521_001.jsonl:21:7	neutral
smoke_20260521_001.jsonl:22:0	pro
smoke_20260521_001.jsonl:22:1	con
smoke_20260521_001.jsonl:22:2	pro
smoke_20260521_001.jsonl:22:3	pro
smoke_20260521_001.jsonl:22:4	con
smoke_20260521_001.jsonl:22:5	pro
smoke_20260521_001.jsonl:22:6	neutral
smoke_20260521_001.jsonl:22:7	neutral
smoke_20260521_001.jsonl:23:0	pro
smoke_20260521_001.jsonl:23:1	pro
smoke_20260521_001.jsonl:23:2	con
smoke_20260521_001.jsonl:23:3	pro
smoke_20260521_001.jsonl:23:4	pro
smoke_20260521_001.jsonl:23:5	pro
smoke_20260521_001.jsonl:23:6	con
smoke_20260521_001.jsonl:23:7	pro
smoke_20260521_001.jsonl:24:0	pro
smoke_20260521_001.jsonl:24:1	pro
smoke_20260521_001.jsonl:24:2	pro
smoke_20260521_001.jsonl:24:3	pro
smoke_20260521_001.jsonl:24:4	pro
smoke_20260521_001.jsonl:24:5	pro
smoke_20260521_001.jsonl:24:6	pro
smoke_20260521_001.jsonl:24:7	pro
smoke_20260521_001.jsonl:25:0	pro
smoke_20260521_001.jsonl:25:1	pro
smoke_20260521_001.jsonl:25:2	pro
smoke_20260521_001.jsonl:25:3	pro
smoke_20260521_001.jsonl:25:4	pro
smoke_20260521_001.jsonl:25:5	pro
smoke_20260521_001.jsonl:25:6	pro
smoke_20260521_001.jsonl:25:7	pro
smoke_20260521_001.jsonl:26:0	pro
smoke_20260521_001.jsonl:26:1	pro
smoke_20260521_001.jsonl:26:2	pro
smoke_20260521_001.jsonl:26:3	pro
smoke_20260521_001.jsonl:26:4	pro
smoke_20260521_001.jsonl:26:5	pro
smoke_20260521_001.jsonl:26:6	pro
smoke_20260521_001.jsonl:26:7	pro
smoke_20260521_001.jsonl:27:0	con
smoke_20260521_001.jsonl:27:1	con
smoke_20260521_001.jsonl:27:2	con
smoke_20260521_001.jsonl:27:3	con
smoke_20260521_001.jsonl:27:4	con
smoke_20260521_001.jsonl:27:5	neutral
smoke_20260521_001.jsonl:27:6	con
smoke_20260521_001.jsonl:27:7	con
smoke_20260521_001.jsonl:28:0	con
smoke_20260521_001.jsonl:28:1	neutral
smoke_20260521_001.jsonl:28:2	con
smoke_20260521_001.jsonl:28:3	con
smoke_20260521_001.jsonl:28:4	con
smoke_20260521_001.jsonl:28:5	con
smoke_20260521_001.jsonl:28:6	con
smoke_20260521_001.jsonl:28:7	neutral
smoke_20260521_001.jsonl:29:0	con
smoke_20260521_001.jsonl:29:1	con
smoke_20260521_001.jsonl:29:2	con
smoke_20260521_001.jsonl:29:3	con
smoke_20260521_001.jsonl:29:4	con
smoke_20260521_001.jsonl:29:5	neutral
smoke_20260521_001.jsonl:29:6	con
smoke_20260521_001.jsonl:29:7	con
smoke_20260521_001.jsonl:30:0	pro
smoke_20260521_001.jsonl:30:1	pro
smoke_20260521_001.jsonl:30:2	neutral
smoke_20260521_001.jsonl:30:3	con
smoke_20260521_001.jsonl:30:4	neutral
smoke_20260521_001.jsonl:30:5	pro
smoke_20260521_001.jsonl:30:6	con
smoke_20260521_001.jsonl:30:7	pro
smoke_20260521_001.jsonl:31:0	pro
smoke_20260521_001.jsonl:31:1	pro
smoke_20260521_001.jsonl:31:2	neutral
smoke_20260521_001.jsonl:31:3	con
smoke_20260521_001.jsonl:31:4	pro
smoke_20260521_001.jsonl:31:5	neutral
smoke_20260521_001.jsonl:31:6	neutral
smoke_20260521_001.jsonl:31:7	neutral
smoke_20260521_001.jsonl:32:0	pro
smoke_20260521_001.jsonl:32:1	pro
smoke_20260521_001.jsonl:32:2	neutral
smoke_20260521_001.jsonl:32:3	con
smoke_20260521_001.jsonl:32:4	pro
smoke_20260521_001.jsonl:32:5	neutral
smoke_20260521_001.jsonl:32:6	con
smoke_20260521_001.jsonl:32:7	con
round3_20260521.jsonl:0:0	pro
round3_20260521.jsonl:0:1	pro
round3_20260521.jsonl:0:2	pro
round3_20260521.jsonl:0:3	pro
round3_20260521.jsonl:0:4	pro
round3_20260521.jsonl:0:5	pro
round3_20260521.jsonl:0:6	pro
round3_20260521.jsonl:0:7	pro
round3_20260521.jsonl:1:0	con
round3_20260521.jsonl:1:1	con
round3_20260521.jsonl:1:2	con
round3_20260521.jsonl:1:3	con
round3_20260521.jsonl:1:4	con
round3_20260521.jsonl:1:5	con
round3_20260521.jsonl:1:6	con
round3_20260521.jsonl:1:7	con
round3_20260521.jsonl:2:0	pro
round3_20260521.jsonl:2:1	con
round3_20260521.jsonl:2:2	neutral
round3_20260521.jsonl:2:3	con
round3_20260521.jsonl:2:4	pro
round3_20260521.jsonl:2:5	pro
round3_20260521.jsonl:2:6	con
round3_20260521.jsonl:2:7	pro
round3_20260521.jsonl:3:0	pro
round3_20260521.jsonl:3:1	pro
round3_20260521.jsonl:3:2	pro
round3_20260521.jsonl:3:3	pro
round3_20260521.jsonl:3:4	pro
round3_20260521.jsonl:3:5	pro
round3_20260521.jsonl:3:6	pro
round3_20260521.jsonl:3:7	pro
round3_20260521.jsonl:4:0	con
round3_20260521.jsonl:4:1	con
round3_20260521.jsonl:4:2	con
round3_20260521.jsonl:4:3	con
round3_20260521.jsonl:4:4	con
round3_20260521.jsonl:4:5	con
round3_20260521.jsonl:4:6	con
round3_20260521.jsonl:4:7	con
round3_20260521.jsonl:5:0	pro
round3_20260521.jsonl:5:1	con
round3_20260521.jsonl:5:2	pro
round3_20260521.jsonl:5:3	con
round3_20260521.jsonl:5:4	pro
round3_20260521.jsonl:5:5	pro
round3_20260521.jsonl:5:6	neutral
round3_20260521.jsonl:5:7	pro
round3_20260521.jsonl:6:0	pro
round3_20260521.jsonl:6:1	pro
round3_20260521.jsonl:6:2	pro
round3_20260521.jsonl:6:3	pro
round3_20260521.jsonl:6:4	pro
round3_20260521.jsonl:6:5	pro
round3_20260521.jsonl:6:6	pro
round3_20260521.jsonl:6:7	pro
round3_20260521.jsonl:7:0	con
round3_20260521.jsonl:7:1	con
round3_20260521.jsonl:7:2	con
round3_20260521.jsonl:7:3	con
round3_20260521.jsonl:7:4	con
round3_20260521.jsonl:7:5	con
round3_20260521.jsonl:7:6	con
round3_20260521.jsonl:7:7	con
round3_20260521.jsonl:8:0	pro
round3_20260521.jsonl:8:1	con
round3_20260521.jsonl:8:2	pro
round3_20260521.jsonl:8:3	con
round3_20260521.jsonl:8:4	pro
round3_20260521.jsonl:8:5	con
round3_20260521.jsonl:8:6	neutral
round3_20260521.jsonl:8:7	con
round3_20260521.jsonl:9:0	pro
round3_20260521.jsonl:9:1	pro
round3_20260521.jsonl:9:2	pro
round3_20260521.jsonl:9:3	pro
round3_20260521.jsonl:9:4	pro
round3_20260521.jsonl:9:5	pro
round3_20260521.jsonl:9:6	pro
round3_20260521.jsonl:9:7	pro
round3_20260521.jsonl:10:0	con
round3_20260521.jsonl:10:1	con
round3_20260521.jsonl:10:2	con
round3_20260521.jsonl:10:3	con
round3_20260521.jsonl:10:4	con
round3_20260521.jsonl:10:5	con
round3_20260521.jsonl:10:6	con
round3_20260521.jsonl:10:7	con
round3_20260521.jsonl:11:0	pro
round3_20260521.jsonl:11:1	con
round3_20260521.jsonl:11:2	pro
round3_20260521.jsonl:11:3	pro
round3_20260521.jsonl:11:4	neutral
round3_20260521.jsonl:11:5	pro
round3_20260521.jsonl:11:6	con
round3_20260521.jsonl:11:7	pro
round3_20260521.jsonl:16:0	pro
round3_20260521.jsonl:16:1	con
round3_20260521.jsonl:16:2	neutral
round3_20260521.jsonl:16:3	pro
round3_20260521.jsonl:16:4	pro
round3_20260521.jsonl:16:5	neutral
round3_20260521.jsonl:16:6	pro
round3_20260521.jsonl:16:7	pro
round3_20260521.jsonl:17:0	pro
round3_20260521.jsonl:17:1	neutral
round3_20260521.jsonl:17:2	con
round3_20260521.jsonl:17:3	pro
round3_20260521.jsonl:17:4	con
round3_20260521.jsonl:17:5	neutral
round3_20260521.jsonl:17:6	pro
round3_20260521.jsonl:17:7	neutral
round3_20260521.jsonl:18:0	neutral
round3_20260521.jsonl:18:1	pro
round3_20260521.jsonl:18:2	con
round3_20260521.jsonl:18:3	pro
round3_20260521.jsonl:18:4	neutral
round3_20260521.jsonl:18:5	pro
round3_20260521.jsonl:18:6	con
round3_20260521.jsonl:18:7	pro
round3_20260521.jsonl:19:0	pro
round3_20260521.jsonl:19:1	pro
round3_20260521.jsonl:19:2	pro
round3_20260521.jsonl:19:3	pro
round3_20260521.jsonl:19:4	pro
round3_20260521.jsonl:19:5	pro
round3_20260521.jsonl:19:6	pro
round3_20260521.jsonl:19:7	pro
round3_20260521.jsonl:20:0	pro
round3_20260521.jsonl:20:1	neutral
round3_20260521.jsonl:20:2	neutral
round3_20260521.jsonl:20:3	con
round3_20260521.jsonl:20:4	pro
round3_20260521.jsonl:20:5	neutral
round3_20260521.jsonl:20:6	con
round3_20260521.jsonl:20:7	neutral
round3_20260521.jsonl:21:0	pro
round3_20260521.jsonl:21:1	neutral
round3_20260521.jsonl:21:2	pro
round3_20260521.jsonl:21:3	con
round3_20260521.jsonl:21:4	pro
round3_20260521.jsonl:21:5	neutral
round3_20260521.jsonl:21:6	con
round3_20260521.jsonl:21:7	neutral
round3_20260521.jsonl:22:0	pro
round3_20260521.jsonl:22:1	neutral
round3_20260521.jsonl:22:2	pro
round3_20260521.jsonl:22:3	neutral
round3_20260521.jsonl:22:4	pro
round3_20260521.jsonl:22:5	neutral
round3_20260521.jsonl:22:6	pro
round3_20260521.jsonl:22:7	pro
round3_20260521.jsonl:23:0	neutral
round3_20260521.jsonl:23:1	neutral
round3_20260521.jsonl:23:2	neutral
round3_20260521.jsonl:23:3	pro
round3_20260521.jsonl:23:4	con
round3_20260521.jsonl:23:5	neutral
round3_20260521.jsonl:23:6	pro
round3_20260521.jsonl:23:7	neutral
multiturn_20260521.jsonl:0:t1:0	pro
multiturn_20260521.jsonl:0:t1:1	pro
multiturn_20260521.jsonl:0:t1:2	pro
multiturn_20260521.jsonl:0:t1:3	pro
multiturn_20260521.jsonl:0:t1:4	pro
multiturn_20260521.jsonl:0:t1:5	pro
multiturn_20260521.jsonl:0:t1:6	pro
multiturn_20260521.jsonl:0:t1:7	pro
multiturn_20260521.jsonl:0:t2:0	pro
multiturn_20260521.jsonl:0:t2:1	pro
multiturn_20260521.jsonl:0:t2:2	neutral
multiturn_20260521.jsonl:0:t2:3	pro
multiturn_20260521.jsonl:0:t2:4	pro
multiturn_20260521.jsonl:0:t2:5	pro
multiturn_20260521.jsonl:0:t2:6	neutral
multiturn_20260521.jsonl:0:t2:7	pro
multiturn_20260521.jsonl:0:t3:0	pro
multiturn_20260521.jsonl:0:t3:1	neutral
multiturn_20260521.jsonl:0:t3:2	pro
multiturn_20260521.jsonl:0:t3:3	con
multiturn_20260521.jsonl:0:t3:4	pro
multiturn_20260521.jsonl:0:t3:5	pro
multiturn_20260521.jsonl:0:t3:6	pro
multiturn_20260521.jsonl:0:t3:7	pro
multiturn_20260521.jsonl:0:t4:0	pro
multiturn_20260521.jsonl:0:t4:1	pro
multiturn_20260521.jsonl:0:t4:2	pro
multiturn_20260521.jsonl:0:t4:3	pro
multiturn_20260521.jsonl:0:t4:4	pro
multiturn_20260521.jsonl:0:t4:5	pro
multiturn_20260521.jsonl:0:t4:6	pro
multiturn_20260521.jsonl:0:t4:7	neutral
multiturn_20260521.jsonl:0:t5:0	neutral
multiturn_20260521.jsonl:0:t5:1	pro
multiturn_20260521.jsonl:0:t5:2	con
multiturn_20260521.jsonl:0:t5:3	pro
multiturn_20260521.jsonl:0:t5:4	neutral
multiturn_20260521.jsonl:0:t5:5	neutral
multiturn_20260521.jsonl:0:t5:6	pro
multiturn_20260521.jsonl:0:t5:7	neutral
multiturn_20260521.jsonl:1:t1:0	neutral
multiturn_20260521.jsonl:1:t1:1	pro
multiturn_20260521.jsonl:1:t1:2	pro
multiturn_20260521.jsonl:1:t1:3	neutral
multiturn_20260521.jsonl:1:t1:4	neutral
multiturn_20260521.jsonl:1:t1:5	pro
multiturn_20260521.jsonl:1:t1:6	neutral
multiturn_20260521.jsonl:1:t1:7	neutral
multiturn_20260521.jsonl:1:t2:0	pro
multiturn_20260521.jsonl:1:t2:1	pro
multiturn_20260521.jsonl:1:t2:2	pro
multiturn_20260521.jsonl:1:t2:3	neutral
multiturn_20260521.jsonl:1:t2:4	pro
multiturn_20260521.jsonl:1:t2:5	neutral
multiturn_20260521.jsonl:1:t2:6	pro
multiturn_20260521.jsonl:1:t2:7	pro
multiturn_20260521.jsonl:1:t3:0	pro
multiturn_20260521.jsonl:1:t3:1	pro
multiturn_20260521.jsonl:1:t3:2	pro
multiturn_20260521.jsonl:1:t3:3	pro
multiturn_20260521.jsonl:1:t3:4	pro
multiturn_20260521.jsonl:1:t3:5	neutral
multiturn_20260521.jsonl:1:t3:6	neutral
multiturn_20260521.jsonl:1:t3:7	neutral
multiturn_round3_20260521.jsonl:0:t4:0	pro
multiturn_round3_20260521.jsonl:0:t4:1	pro
multiturn_round3_20260521.jsonl:0:t4:2	neutral
multiturn_round3_20260521.jsonl:0:t4:3	pro
multiturn_round3_20260521.jsonl:0:t4:4	pro
multiturn_round3_20260521.jsonl:0:t4:5	pro
multiturn_round3_20260521.jsonl:0:t4:6	neutral
multiturn_round3_20260521.jsonl:0:t4:7	con
multiturn_round3_20260521.jsonl:0:t5:0	pro
multiturn_round3_20260521.jsonl:0:t5:1	neutral
multiturn_round3_20260521.jsonl:0:t5:2	pro
multiturn_round3_20260521.jsonl:0:t5:3	pro
multiturn_round3_20260521.jsonl:0:t5:4	con
multiturn_round3_20260521.jsonl:0:t5:5	pro
multiturn_round3_20260521.jsonl:0:t5:6	pro
multiturn_round3_20260521.jsonl:0:t5:7	con
multiturn_round3_20260521.jsonl:1:t1:0	neutral
multiturn_round3_20260521.jsonl:1:t1:1	neutral
multiturn_round3_20260521.jsonl:1:t1:2	pro
multiturn_round3_20260521.jsonl:1:t1:3	neutral
multiturn_round3_20260521.jsonl:1:t1:4	neutral
multiturn_round3_20260521.jsonl:1:t1:5	neutral
multiturn_round3_20260521.jsonl:1:t1:6	pro
multiturn_round3_20260521.jsonl:1:t1:7	pro
multiturn_round3_20260521.jsonl:1:t2:0	pro
multiturn_round3_20260521.jsonl:1:t2:1	con
multiturn_round3_20260521.jsonl:1:t2:2	neutral
multiturn_round3_20260521.jsonl:1:t2:3	pro
multiturn_round3_20260521.jsonl:1:t2:4	neutral
multiturn_round3_20260521.jsonl:1:t2:5	neutral
multiturn_round3_20260521.jsonl:1:t2:6	pro
multiturn_round3_20260521.jsonl:1:t2:7	neutral
multiturn_round3_20260521.jsonl:1:t3:0	pro
multiturn_round3_20260521.jsonl:1:t3:1	pro
multiturn_round3_20260521.jsonl:1:t3:2	neutral
multiturn_round3_20260521.jsonl:1:t3:3	pro
multiturn_round3_20260521.jsonl:1:t3:4	pro
multiturn_round3_20260521.jsonl:1:t3:5	neutral
multiturn_round3_20260521.jsonl:1:t3:6	pro
multiturn_round3_20260521.jsonl:1:t3:7	pro
multiturn_round3_20260521.jsonl:1:t4:0	neutral
multiturn_round3_20260521.jsonl:1:t4:1	neutral
multiturn_round3_20260521.jsonl:1:t4:2	neutral
multiturn_round3_20260521.jsonl:1:t4:3	pro
multiturn_round3_20260521.jsonl:1:t4:4	pro
multiturn_round3_20260521.jsonl:1:t4:5	neutral
multiturn_round3_20260521.jsonl:1:t4:6	pro
multiturn_round3_20260521.jsonl:1:t4:7	pro
multiturn_round3_20260521.jsonl:1:t5:0	neutral
multiturn_round3_20260521.jsonl:1:t5:1	pro
multiturn_round3_20260521.jsonl:1:t5:2	neutral
multiturn_round3_20260521.jsonl:1:t5:3	neutral
multiturn_round3_20260521.jsonl:1:t5:4	pro
multiturn_round3_20260521.jsonl:1:t5:5	pro
multiturn_round3_20260521.jsonl:1:t5:6	neutral
multiturn_round3_20260521.jsonl:1:t5:7	neutral
